physical,social,cognitive,minigame,funratio
0,0,0,0,0
0,0,0,0,0
1,0,0,0,1.0
0,0,0,1,8.0
0,0,0,0,0
0,0,4,0,3.0
0,0,4,1,5.5
0,0,6,0,6.0
0,0,0,0,0
1,1,0,0,3.0
1,1,2,1,9.5
2,11,2,1,12.0
3,2,3,1,8.875
3,7,5,0,8.25
4,7,6,0,6.777777777777778
6,8,3,0,8.2
10,7,5,0,6.5
8,6,5,0,4.0
12,12,3,0,7.916666666666667
8,7,4,0,7.5
9,10,5,0,7.666666666666667
10,11,2,0,4.071428571428571
13,8,5,0,5.3076923076923075
10,9,6,0,6.454545454545454
11,9,6,0,5.0
15,9,6,0,8.25
14,11,6,0,8.375
