physical,social,cognitive,minigame,funratio
1,11,2,0,10.25
0,0,5,0,1.0
0,7,6,0,5.0
1,1,3,1,8.75
1,1,7,1,7.6
6,10,3,0,14.0
3,2,2,1,7.5
8,3,2,0,8.857142857142858
8,18,10,0,6.8
5,8,4,0,9.9
8,12,6,0,9.25
9,10,7,0,12.571428571428571
7,8,2,0,6.666666666666667
8,7,5,0,8.416666666666666
13,7,5,0,7.4375
13,11,6,0,10.5
10,8,1,0,10.5
10,9,5,0,8.142857142857142
13,10,1,0,9.6
15,11,3,0,6.714285714285714
10,9,2,0,6.0
