physical,social,cognitive,minigame,funratio
0,0,0,0,0
0,0,0,0,0
0,0,6,1,7.0
0,0,5,1,4.5
0,0,2,2,6.666666666666667
0,0,0,2,8.0
0,0,0,0,0
0,0,0,0,0
6,10,0,0,20.0
1,0,3,3,8.166666666666666
2,1,5,0,2.2
3,11,1,0,12.5
4,5,6,0,3.0
5,12,2,0,9.2
7,5,4,0,9.25
7,10,4,0,8.555555555555555
