physical,social,cognitive,minigame,funratio
1,14,1,1,8.25
2,1,2,0,12.8
4,10,4,0,11.125
6,5,6,0,7.666666666666667
6,9,11,0,7.928571428571429
9,17,9,0,10.23076923076923
10,15,12,0,7.5625
12,16,12,0,7.538461538461538
10,15,11,0,5.863636363636363
10,10,13,0,7.894736842105263
13,13,11,0,7.333333333333333
