physical,social,cognitive,minigame,funratio
1,11,1,0,13.25
3,7,6,0,8.0
2,8,5,0,7.0
3,5,2,0,8.0
8,11,6,0,15.333333333333334
8,8,7,0,9.714285714285714
6,12,9,0,7.416666666666667
7,9,7,0,7.625
8,8,10,0,7.176470588235294
9,12,13,0,10.0
9,18,9,0,7.428571428571429
