physical,social,cognitive,minigame,funratio
0,0,0,0,0
0,0,0,0,0
0,0,0,0,0
1,1,3,0,2.0
2,1,2,0,3.8
4,2,3,0,4.5
6,6,5,0,6.0
6,9,11,0,6.285714285714286
9,8,9,0,5.444444444444445
10,10,10,0,5.933333333333334
14,10,10,0,9.571428571428571
10,11,10,0,8.090909090909092
10,18,9,0,7.416666666666667
14,10,12,0,7.9375
