physical,social,cognitive,minigame,funratio
6,1,1,1,10.0
2,11,9,0,8.666666666666666
4,5,8,0,8.125
6,8,15,1,7.214285714285714
6,12,8,2,9.0
12,14,11,0,7.75
14,14,18,0,5.285714285714286
13,11,10,0,7.294117647058823
10,11,12,0,10.0
10,18,13,0,8.642857142857142
14,19,11,0,6.352941176470588
