physical,social,cognitive,minigame,funratio
1,0,0,1,14.0
0,0,1,0,20.0
0,1,6,1,8.0
1,1,6,0,10.666666666666666
1,1,5,1,12.2
2,11,2,1,11.5
3,2,2,0,7.833333333333333
3,6,4,0,7.142857142857143
4,3,6,0,6.333333333333333
5,6,3,0,8.2
6,5,7,0,9.153846153846153
8,14,2,0,9.8
7,6,3,0,7.6
8,11,2,0,7.333333333333333
12,12,2,0,7.333333333333333
10,8,7,0,7.2727272727272725
10,12,3,0,5.235294117647059
10,10,5,0,10.428571428571429
12,11,1,0,7.6
14,13,12,0,5.875
10,16,5,0,7.0
