physical,social,cognitive,minigame,funratio
1,2,3,0,6.0
6,10,3,0,14.0
7,7,5,0,8.125
8,10,6,0,10.11111111111111
4,11,7,0,8.818181818181818
10,7,10,0,5.636363636363637
7,5,8,0,8.777777777777779
8,11,6,0,9.166666666666666
8,8,13,0,6.0
13,14,9,0,11.642857142857142
9,10,10,0,5.3076923076923075
