physical,social,cognitive,minigame,funratio
1,11,4,0,10.25
7,3,4,0,10.125
8,7,7,0,12.0
6,16,11,0,8.8
10,12,7,0,8.5
8,8,10,0,8.9
9,19,12,0,7.052631578947368
12,13,14,0,8.5
12,12,18,1,7.454545454545454
13,22,16,2,6.714285714285714
14,14,18,0,8.0
19,19,20,0,6.041666666666667
20,23,20,0,6.375
19,20,21,0,6.125
20,21,22,0,8.4
21,26,26,1,6.45945945945946
22,30,29,0,6.863636363636363
24,26,29,0,7.066666666666666
25,28,30,0,8.545454545454545
29,34,35,0,6.684210526315789
31,29,35,0,6.326086956521739
