physical,social,cognitive,minigame,funratio
0,0,4,1,5.5
0,0,4,2,6.333333333333333
0,0,6,2,7.333333333333333
1,1,2,1,6.25
1,0,2,1,14.5
2,1,4,1,8.6
3,11,1,0,9.0
4,3,4,0,6.375
5,10,5,0,7.75
6,13,3,0,11.166666666666666
7,10,4,0,11.0
