physical,social,cognitive,minigame,funratio
1,0,0,1,14.0
0,0,3,0,2.0
0,0,6,0,10.5
1,1,12,0,8.5
13,1,5,0,6.571428571428571
2,3,9,0,7.75
8,2,2,1,7.5
3,3,3,1,7.222222222222222
9,4,6,0,7.6
10,11,6,0,8.777777777777779
6,5,3,0,7.1
6,6,5,0,6.222222222222222
7,9,7,0,7.222222222222222
9,7,4,0,9.375
9,13,2,0,7.222222222222222
11,8,7,1,6.153846153846154
10,8,5,0,5.125
10,9,5,0,7.0
10,10,6,0,5.4
15,15,2,0,5.909090909090909
10,13,1,0,7.0
