physical,social,cognitive,minigame,funratio
1,5,1,0,8.333333333333334
2,10,6,0,9.75
7,7,5,0,8.75
3,14,8,0,7.1
9,4,6,0,10.416666666666666
10,14,9,0,8.846153846153847
6,8,9,0,8.125
10,21,9,0,7.166666666666667
7,13,9,0,10.571428571428571
8,13,9,0,5.0625
9,19,9,0,7.333333333333333
