physical,social,cognitive,minigame,funratio
0,0,0,0,0
0,0,0,0,0
0,0,0,0,0
1,2,5,0,2.5
2,3,4,0,7.833333333333333
6,5,5,0,5.0
3,6,5,0,2.1666666666666665
4,9,6,0,3.2222222222222223
6,12,9,0,3.9
6,9,8,0,5.833333333333333
7,12,10,0,12.444444444444445
9,8,11,0,6.714285714285714
8,11,9,0,12.875
9,10,10,0,13.4
