physical,social,cognitive,minigame,funratio
0,0,5,0,1.0
0,0,5,1,4.5
0,0,2,0,4.0
1,14,0,0,6.0
1,0,6,1,5.333333333333333
2,10,3,1,11.833333333333334
3,2,1,1,9.0
6,10,1,0,20.0
5,12,4,0,10.7
7,5,4,0,6.375
12,8,5,0,4.7
