physical,social,cognitive,minigame,funratio
1,5,6,0,10.0
2,2,3,0,12.4
7,2,8,1,7.428571428571429
11,7,5,0,8.416666666666666
6,9,10,0,6.0
14,10,10,0,7.466666666666667
15,9,10,0,7.666666666666667
10,25,14,0,7.076923076923077
10,13,17,0,8.0
14,15,14,0,7.1875
9,10,10,0,9.0
