'activities','phy_n','social_n','cog_n','general_n', 'n_levels', 'gen_time'
33,13,10,9,1,6,2.39436411857605
33,13,10,9,1,8,3.657135486602783
33,13,10,9,1,10,5.775554418563843
43,19,12,11,1,6,2.7098276615142822
43,19,12,11,1,8,5.226163148880005
43,19,12,11,1,10,7.3103108406066895
53,23,15,14,1,6,4.072032451629639
53,23,15,14,1,8,9.975507974624634
53,23,15,14,1,10,14.601247072219849
